codigo;dist_centro;nome;longitude;latitude;peso;dist_cap
3500105;52,221147;Adamantina;51,0725;-21,685278;2500;501
3500204;20,792106;Adolfo;49,643611;-21,235;1480;402
3500303;21,153444;Aguaí;46,978611;-22,059444;1500;169
3500402;9,1412908;Águas da Prata;46,716667;-21,936667;980;179
3500501;53,70899;Águas de Lindóia;46,632778;-22,476389;400;119
3500550;37,851102;Águas de Santa Bárbara;49,238889;-22,880556;1180;276
3500600;27,174679;Águas de São Pedro;47,876111;-22,599444;0;165
3500709;80,795464;Agudos;48,9875;-22,469167;780;269
3500758;16,386941;Alambari;47,898611;-23,550833;1420;129
3500808;24,179165;Alfredo Marcondes;51,412778;-21,955278;3000;521
3500907;62,52044;Altair;49,058889;-20,523611;857;418
3501004;28,70187;Altinópolis;47,373889;-21,025556;3600;289
3501103;31,982961;Alto Alegre;50,163611;-21,580556;2790;423
3501152;80,901207;Alumínio;47,261944;-23,535;390;64
3501202;35,273052;Álvares Florence;49,910556;-20,320833;5390;492
3501301;30,378171;Álvares Machado;51,471944;-22,079444;4680;522
3501400;14,97061;Álvaro de Carvalho;49,718889;-22,089167;1297;355
3501509;33,761972;Alvinlândia;49,763056;-22,444167;340;343
3501608;33,344272;Americana;47,331389;-22,739167;650;114
3501707;42,18981;Américo Brasiliense;48,101667;-21,724444;200;252
3501806;37,397299;Américo de Campos;49,731667;-20,299167;3940;481
3501905;36,036768;Amparo;46,764444;-22,701111;3600;95
3502002;25,153108;Analândia;47,663056;-22,126389;800;189
3502101;39,110491;Andradina;51,379444;-20,896111;7400;570
3502200;38,393313;Angatuba;48,412778;-23,489722;8490;182
3502309;27,81778;Anhembi;48,127222;-22,789444;2600;174
3502408;27,797935;Anhumas;51,387222;-22,295278;3500;507
3502507;37,482154;Aparecida;45,229722;-22,846944;470;164
3502606;12,814515;Aparecida d'Oeste;50,879722;-20,449444;2387;557
3502705;23,502734;Apiaí;48,8425;-24,509444;100;248
3502754;31,08101;Araçariguama;47,061389;-23,438611;413;45
3502804;69,804894;Araçatuba;50,432778;-21,208889;3840;469
3502903;45,770622;Araçoiaba da Serra;47,614167;-23,505278;846;100
3503000;13,830351;Aramina;47,785833;-20,090278;300;401
3503109;44,958741;Arandu;49,053889;-23,134444;1000;251
3503158;68,828334;Arapeí;44,447778;-22,673889;2017;244
3503208;31,287351;Araraquara;48,175556;-21,794444;2500;250
3503307;55,91914;Araras;47,384167;-22,356944;1534;153
3503356;68,006096;Arco-Íris;50,465;-21,7725;320;440
3503406;31,296155;Arealva;48,911111;-22,028611;2408;288
3503505;61,266278;Areias;44,696944;-22,579722;3100;226
3503604;48,491382;Areiópolis;48,665;-22,668056;360;230
3503703;54,706067;Ariranha;48,786944;-21,187778;290;343
3503802;38,716097;Artur Nogueira;47,1725;-22,573056;1233;121
3503901;88,404207;Arujá;46,320833;-23,396111;35;36
3503950;28,868934;Aspásia;50,727222;-20,158889;2927;565
3504008;40,485505;Assis;50,412222;-22,661667;2600;399
3504107;18,372145;Atibaia;46,550278;-23,116944;1600;48
3504206;36,906349;Auriflama;50,554722;-20,685556;3600;514
3504305;34,024034;Avaí;49,333056;-22,146667;1710;317
3504404;12,693888;Avanhandava;49,949722;-21,460833;1990;412
3504503;31,717358;Avaré;48,925833;-23,098611;4120;239
3504602;29,353853;Bady Bassitt;49,445278;-20,918056;1230;411
3504701;50,023116;Balbinos;49,356667;-21,899722;336;334
3504800;13,900309;Bálsamo;49,583611;-20,735278;1530;435
3504909;78,374866;Bananal;44,323333;-22,683611;1580;256
3505005;51,490713;Barão de Antonina;49,561389;-23,626944;1430;299
3505104;31,478382;Barbosa;49,949167;-21,266667;1140;424
3505203;36,389146;Bariri;48,740278;-22,074444;2100;271
3505302;67,767613;Barra Bonita;48,558056;-22,494722;340;229
3505351;20,513717;Barra do Chapéu;49,024444;-24,473056;90;264
3505401;51,262531;Barra do Turvo;48,504722;-24,756389;900;232
3505500;0;Barretos;48,567778;-20,557222;2500;387
3505609;42,523993;Barrinha;48,163889;-21,193611;150;304
3505708;51,149879;Barueri;46,876111;-23,510556;0;25
3505807;51,474558;Bastos;50,733889;-21,921944;650;458
3505906;0;Batatais;47,585;-20,891111;5000;310
3506003;66,392015;Bauru;49,060556;-22,314722;980;284
3506102;0;Bebedouro;48,479167;-20,949444;2750;345
3506201;33,684066;Bento de Abreu;50,811944;-21,270556;170;498
3506300;22,104525;Bernardino de Campos;49,474167;-23,013056;2840;296
3506359;19,521237;Bertioga;46,138611;-23,854444;0;61
3506409;65,110141;Bilac;50,470556;-21,403333;1500;461
3506508;57,023746;Birigui;50,34;-21,288611;4600;456
3506607;78,27814;Biritiba-Mirim;46,038611;-23,5725;135;61
3506706;0;Boa Esperança do Sul;48,390833;-21,9925;3000;249
3506805;20,667051;Bocaina;48,518056;-22,136111;1370;248
3506904;27,08581;Bofete;48,257778;-23,102222;4080;173
3507001;51,831677;Boituva;47,672222;-23,283333;1030;110
3507100;21,820351;Bom Jesus dos Perdões;46,465278;-23,135;500;49
3507159;40,122911;Bom Sucesso de Itararé;49,143889;-24,317778;78;269
3507209;26,597805;Borá;50,534444;-22,269722;1736;424
3507308;48,688228;Boracéia;48,778889;-22,193056;990;266
3507407;22,727867;Borborema;49,073611;-21,619722;1950;329
3507456;87,662812;Borebi;48,971111;-22,569444;236;263
3507506;29,702775;Botucatu;48,445;-22,885833;5800;199
3507605;0;Bragança Paulista;46,541944;-22,951944;6000;67
3507704;47,522784;Braúna;50,315556;-21,499167;1330;441
3507753;60,430897;Brejo Alegre;50,185278;-21,166389;450;451
3507803;13,523048;Brodowski;47,658611;-20,991389;1000;302
3507902;69,387683;Brotas;48,126667;-22,284167;2980;207
3508009;55,855886;Buri;48,592778;-23,7975;3000;202
3508108;51,487059;Buritama;50,147222;-21,066111;2850;454
3508207;0;Buritizal;47,708333;-20,191111;3000;388
3508306;42,627399;Cabrália Paulista;49,3375;-22,455556;586;302
3508405;17,669396;Cabreúva;47,132778;-23,3075;2100;57
3508504;17,591517;Caçapava;45,706944;-23,100833;4000;107
3508603;45,82517;Cachoeira Paulista;45,009444;-22,665;5870;193
3508702;73,989405;Caconde;46,643889;-21,529444;3200;223
3508801;39,136642;Cafelândia;49,61;-21,8025;692;362
3508900;16,28963;Caiabu;51,235556;-22,012222;3500;502
3509007;50,147198;Caieiras;46,740556;-23,364167;0;23
3509106;14,29412;Caiuá;51,998333;-21,831667;2210;583
3509205;44,324831;Cajamar;46,876944;-23,356111;93;32
3509254;13,111049;Cajati;48,122778;-24,736111;2000;200
3509304;78,11972;Cajobi;48,809444;-20,879722;480;371
3509403;0;Cajuru;47,304167;-21,275278;11000;261
3509452;43,235291;Campina do Monte Alegre;48,477222;-23,591944;2650;188
3509502;0;Campinas;47,060833;-22,905556;9585;83
3509601;43,81452;Campo Limpo Paulista;46,784444;-23,206389;21;41
3509700;32,12956;Campos do Jordão;45,591389;-22,739444;115;139
3509809;56,343234;Campos Novos Paulista;50,0025;-22,603056;575;360
3509908;36,641809;Cananéia;47,926667;-25,014722;100;209
3509957;42,392656;Canas;45,055278;-22,703611;945;187
3510005;48,830396;Cândido Mota;50,386944;-22,746389;690;394
3510104;52,287424;Cândido Rodrigues;48,630833;-21,325278;80;321
3510153;29,20106;Canitar;49,783333;-23,006389;89;328
3510203;81,670675;Capão Bonito;48,349444;-24,005833;1800;182
3510302;35,146644;Capela do Alto;47,734722;-23,470556;1500;113
3510401;36,764311;Capivari;47,507778;-22,995;1907;108
3510500;67,634374;Caraguatatuba;45,413056;-23,620278;578;125
3510609;55,366552;Carapicuíba;46,835556;-23,5225;0;21
3510708;0;Cardoso;49,914167;-20,081944;10576;512
3510807;59,861575;Casa Branca;47,086389;-21,773889;1800;202
3510906;13,959216;Cássia dos Coqueiros;47,169722;-21,282778;4500;257
3511003;49,500983;Castilho;51,4875;-20,872222;5420;581
3511102;44,835836;Catanduva;48,972778;-21,137778;1740;359
3511201;65,396939;Catiguá;49,058333;-21,049444;463;373
3511300;46,700585;Cedral;49,268333;-20,902778;2787;399
3511409;28,378956;Cerqueira César;49,166111;-23,035556;3130;265
3511508;31,989111;Cerquilho;47,743611;-23,165;400;121
3511607;24,236534;Cesário Lange;47,953056;-23,226667;2154;139
3511706;27,385062;Charqueada;47,778056;-22,509722;780;164
3511904;61,205656;Clementina;50,449167;-21,559722;550;450
3512001;17,588707;Colina;48,540833;-20,713333;1120;370
3512100;0;Colômbia;48,688889;-20,175833;856;429
3512209;65,005023;Conchal;47,1725;-22,330278;180;146
3512308;0;Conchas;48,010556;-23,015278;4200;152
3512407;62,207969;Cordeirópolis;47,456667;-22,481944;234;145
3512506;48,403186;Coroados;50,281389;-21,351944;1450;447
3512605;49,187343;Coronel Macedo;49,313611;-23,631111;1875;273
3512704;35,166025;Corumbataí;47,625833;-22,22;1320;179
3512803;32,046508;Cosmópolis;47,196111;-22,645833;172;115
3512902;46,269472;Cosmorama;49,777778;-20,477778;4140;470
3513009;54,144725;Cotia;46,919167;-23,603889;0;30
3513108;44,657664;Cravinhos;47,729444;-21,340278;1600;269
3513207;30,566828;Cristais Paulista;47,420278;-20,397222;2410;358
3513306;70,163723;Cruzália;50,793611;-22,735556;400;435
3513405;55,42864;Cruzeiro;44,962778;-22,576111;5700;202
3513504;20,339588;Cubatão;46,425278;-23,895;0;44
3513603;0;Cunha;44,959722;-23,074444;19600;179
3513702;0;Descalvado;47,619444;-21,903889;6700;208
3513801;50,54689;Diadema;46,622778;-23,686111;0;15
3513850;17,157105;Dirce Reis;50,606111;-20,466111;4394;533
3513900;72,557207;Divinolândia;46,739167;-21,661389;900;209
3514007;52,36288;Dobrada;48,393889;-21,516667;70;289
3514106;81,565239;Dois Córregos;48,380278;-22,366111;2400;222
3514205;41,681451;Dolcinópolis;50,513333;-20,123056;2560;552
3514304;14,146452;Dourado;48,3175;-22,1;796;236
3514403;11,93615;Dracena;51,532778;-21,4825;2700;553
3514502;34,465248;Duartina;49,403889;-22,414444;882;310
3514601;55,673076;Dumont;47,973333;-21,236389;142;291
3514700;14,894756;Echaporã;50,200556;-22,429444;1500;386
3514809;21,969663;Eldorado;48,108056;-24,52;150;184
3514908;35,505939;Elias Fausto;47,373889;-23,042778;780;94
3514924;61,137029;Elisiário;49,111667;-21,165556;745;367
3514957;67,174226;Embaúba;48,835556;-20,9825;470;363
3515004;62,536295;Embu;46,852222;-23,648889;0;25
3515103;0;Embu-Guaçu;46,811389;-23,832222;0;36
3515129;13,148329;Emilianópolis;51,483056;-21,833056;1800;533
3515152;49,028329;Engenheiro Coelho;47,215;-22,488333;1147;131
3515186;20,183314;Espírito Santo do Pinhal;46,682778;-22,115833;1900;159
3515194;55,969663;Espírito Santo do Turvo;49,430278;-22,692222;1200;301
3515202;40,283115;Estrela d'Oeste;50,400833;-20,287778;4961;531
3515301;63,127948;Estrela do Norte;51,660278;-22,488056;2000;528
3515350;0;Euclides da Cunha Paulista;52,590278;-22,561389;5136;620
3515400;25,20061;Fartura;49,51;-23,388333;4160;294
3515509;0;Fernandópolis;50,246389;-20,283889;10000;519
3515608;56,848345;Fernando Prestes;48,685278;-21,264444;100;329
3515657;21,564416;Fernão;49,520833;-22,358611;400;324
3515707;100,89128;Ferraz de Vasconcelos;46,368611;-23,540833;8;27
3515806;38,032817;Flora Rica;51,384167;-21,675833;880;530
3515905;22,624867;Floreal;50,145278;-20,676667;3200;482
3516002;48,607021;Flórida Paulista;51,173611;-21,614722;2500;513
3516101;80,185141;Florínia;50,737778;-22,903333;60;426
3516200;16,725376;Franca;47,400833;-20,538611;2830;342
3516309;52,843002;Francisco Morato;46,745278;-23,281667;0;31
3516408;45,267215;Franco da Rocha;46,726944;-23,321667;14;27
3516507;72,081631;Gabriel Monteiro;50,554722;-21,531111;650;461
3516606;13,928065;Gália;49,552778;-22,291389;1500;330
3516705;0;Garça;49,656111;-22,210556;3000;343
3516804;24,608445;Gastão Vidigal;50,186944;-20,798611;3200;476
3516853;20,170236;Gavião Peixoto;48,494722;-21,838889;500;269
3516903;0;General Salgado;50,360556;-20,648333;17111;501
3517000;30,034043;Getulina;49,928611;-21,798611;702;390
3517109;40,186983;Glicério;50,205833;-21,376111;3730;439
3517208;11,303538;Guaiçara;49,798611;-21,621944;1455;389
3517307;41,715685;Guaimbê;49,896667;-21,91;458;381
3517406;64,414333;Guaíra;48,310556;-20,318333;750;397
3517505;48,401885;Guapiaçu;49,220278;-20,795;2010;405
3517604;71,146814;Guapiara;48,532778;-24,185;180;206
3517703;57,175409;Guará;47,824167;-20,428333;1720;367
3517802;15,995733;Guaraçaí;51,206667;-21,028333;5480;547
3517901;69,292775;Guaraci;48,944722;-20,498611;1277;413
3518008;25,21173;Guarani d'Oeste;50,339444;-20,074722;3252;543
3518107;48,552255;Guarantã;49,589722;-21,895;531;354
3518206;86,863112;Guararapes;50,642778;-21,260833;2800;484
3518305;65,366228;Guararema;46,035;-23,415;1850;63
3518404;37,313484;Guaratinguetá;45,1925;-22,816389;18050;169
3518503;27,778322;Guareí;48,184167;-23,372778;8650;159
3518602;52,557031;Guariba;48,228333;-21,36;110;292
3518701;0;Guarujá;46,256389;-23,993056;6;63
3518800;56,824902;Guarulhos;46,533333;-23,462778;52;14
3518859;66,120267;Guatapará;48,037778;-21,496667;250;269
3518909;27,964987;Guzolândia;50,661944;-20,649722;8250;525
3519006;36,604638;Herculândia;50,385278;-22,003611;2960;421
3519055;30,31399;Holambra;47,055556;-22,633056;680;110
3519071;17,135224;Hortolândia;47,22;-22,858333;6;97
3519105;25,003222;Iacanga;49,024722;-21,89;1640;306
3519204;59,051137;Iacri;50,689444;-21,858333;835;457
3519253;42,440007;Iaras;49,162778;-22,870833;160;269
3519303;39,32975;Ibaté;47,996667;-21,954722;315;225
3519402;46,547648;Ibirá;49,240833;-21,080278;1870;383
3519501;35,016639;Ibirarema;50,0725;-22,8175;175;361
3519600;0;Ibitinga;48,828889;-21,757778;3060;300
3519709;84,943165;Ibiúna;47,2225;-23,656389;852;61
3519808;56,940185;Icém;49,195;-20,341667;1384;443
3519907;58,073311;Iepê;51,076111;-22,660556;3740;465
3520004;66,16984;Igaraçu do Tietê;48,557778;-22,509167;92;228
3520103;17,464844;Igarapava;47,746944;-20,038333;1200;405
3520202;64,574991;Igaratá;46,156111;-23,204444;717;62
3520301;45,196731;Iguape;47,555278;-24,708056;260;159
3520400;85,994701;Ilhabela;45,358056;-23,778056;45;133
3520426;47,01316;Ilha Comprida;47,54;-24,741111;0;161
3520442;33,367493;Ilha Solteira;51,3425;-20,432778;4250;596
3520509;26,100967;Indaiatuba;47,218056;-23,090278;2600;78
3520608;8,9140614;Indiana;51,251667;-22,174444;786;498
3520707;34,102013;Indiaporã;50,289722;-19,98;6030;547
3520806;47,057124;Inúbia Paulista;50,961944;-21,769722;720;486
3520905;36,353653;Ipaussu;49,626389;-23,056667;250;311
3521002;45,862295;Iperó;47,688611;-23,350278;1120;110
3521101;32,980513;Ipeúna;47,718889;-22,435833;173;166
3521150;27,471947;Ipiguá;49,387222;-20,656667;2010;428
3521200;60,905677;Iporanga;48,593056;-24,585556;480;230
3521309;67,201904;Ipuã;48,012222;-20,438056;500;372
3521408;59,260111;Iracemápolis;47,518611;-22,580556;157;140
3521507;38,415118;Irapuã;49,408889;-21,279444;890;380
3521606;31,469481;Irapuru;51,345;-21,570833;2500;532
3521705;0;Itaberá;49,137222;-23,861944;9000;257
3521804;38,981047;Itaí;49,090556;-23,417778;1960;251
3521903;23,985097;Itajobi;49,054444;-21,318056;1350;351
3522000;24,96547;Itaju;48,804722;-21,981111;900;282
3522109;68,913361;Itanhaém;46,788889;-24,183056;0;72
3522158;16,897888;Itaóca;48,842778;-24,64;720;255
3522208;68,142127;Itapecerica da Serra;46,849167;-23,716944;0;29
3522307;0;Itapetininga;48,053056;-23,591667;20080;145
3522406;29,778332;Itapeva;48,875556;-23,982222;4900;233
3522505;48,897468;Itapevi;46,934167;-23,548889;0;30
3522604;57,696372;Itapira;46,821667;-22,436111;1300;125
3522653;18,557447;Itapirapuã Paulista;49,168056;-24,573889;328;281
3522703;18,120053;Itápolis;48,812778;-21,595556;1320;311
3522802;58,199516;Itaporanga;49,489722;-23,707778;3870;292
3522901;43,153407;Itapuí;48,719167;-22,233333;690;259
3523008;41,614285;Itapura;51,508889;-20,646111;730;597
3523107;95,824084;Itaquaquecetuba;46,348333;-23,486111;20;30
3523206;34,16259;Itararé;49,331667;-24,1125;5366;282
3523305;28,935457;Itariri;47,174444;-24,289167;21;99
3523404;25,320009;Itatiba;46,838889;-23,005833;2300;63
3523503;0;Itatinga;48,615833;-23,101667;6600;208
3523602;44,103218;Itirapina;47,822778;-22,252778;910;188
3523701;6,5072691;Itirapuã;47,219167;-20,640833;1263;327
3523800;61,620167;Itobi;46,975;-21,736944;2100;204
3523909;0;Itu;47,299167;-23,264167;9920;75
3524006;27,530277;Itupeva;47,057778;-23,153056;215;61
3524105;61,767555;Ituverava;47,780556;-20,339444;1400;374
3524204;21,749633;Jaborandi;48,4125;-20,688056;252;366
3524303;37,658462;Jaboticabal;48,322222;-21,254722;1500;308
3524402;52,199242;Jacareí;45,965833;-23,305278;1600;74
3524501;29,622759;Jaci;49,57;-20,882222;1780;423
3524600;0;Jacupiranga;48,002222;-24,6925;3500;188
3524709;53,119696;Jaguariúna;46,985833;-22,705556;1200;100
3524808;27,876792;Jales;50,545833;-20,268889;8826;543
3524907;28,677163;Jambeiro;45,687778;-23,253611;2200;102
3525003;49,975063;Jandira;46,9025;-23,5275;0;27
3525102;23,318508;Jardinópolis;47,763889;-21,017778;2400;303
3525201;40,414064;Jarinu;46,728333;-23,101389;149;50
3525300;37,924538;Jaú;48,557778;-22,296389;900;241
3525409;18,242229;Jeriquara;47,589167;-20,311111;483;372
3525508;27,39214;Joanópolis;46,275556;-22,930278;1820;78
3525607;43,102673;João Ramalho;50,767778;-22,250278;2037;448
3525706;0;José Bonifácio;49,688333;-21,052778;11320;419
3525805;26,185303;Júlio Mesquita;49,787222;-22,008889;400;366
3525854;24,492716;Jumirim;47,784167;-23,086667;2400;128
3525904;36,09208;Jundiaí;46,884167;-23,186389;210;47
3526001;20,53872;Junqueirópolis;51,433611;-21,514722;1600;542
3526100;18,274394;Juquiá;47,634722;-24,320833;940;133
3526209;55,606014;Juquitiba;47,068333;-23,931667;0;61
3526308;38,029757;Lagoinha;45,190278;-23,090556;8971;156
3526407;18,206845;Laranjal Paulista;47,836667;-23,049722;2150;135
3526506;7,4969887;Lavínia;51,039722;-21,168333;5960;525
3526605;56,3241;Lavrinhas;44,902222;-22,570833;2800;208
3526704;39,238612;Leme;47,390278;-22,185556;1800;170
3526803;79,500235;Lençóis Paulista;48,800278;-22,598611;388;245
3526902;51,571509;Limeira;47,401667;-22,564722;1087;134
3527009;48,974597;Lindóia;46,65;-22,523056;400;113
3527108;19,800315;Lins;49,7425;-21,678611;4328;381
3527207;41,790632;Lorena;45,124722;-22,730833;12350;179
3527256;38,169823;Lourdes;50,224167;-20,966944;770;467
3527306;23,065931;Louveira;46,950556;-23,086389;65;60
3527405;49,861557;Lucélia;51,018889;-21,720278;3000;494
3527504;28,121037;Lucianópolis;49,5225;-22,431111;240;321
3527603;51,825515;Luís Antônio;47,704444;-21,555;40;246
3527702;50,871676;Luiziânia;50,326667;-21,675833;1105;432
3527801;37,769094;Lupércio;49,817222;-22,415;240;349
3527900;11,655079;Lutécia;50,392222;-22,34;4003;408
3528007;65,599212;Macatuba;48,711389;-22,502222;126;242
3528106;44,828734;Macaubal;49,963889;-20,805833;4380;458
3528205;16,28445;Macedônia;50,194444;-20,145833;5830;526
3528304;14,002093;Magda;50,226111;-20,643889;2500;491
3528403;33,485629;Mairinque;47,183333;-23,545833;670;56
3528502;41,038686;Mairiporã;46,586667;-23,318611;22;26
3528601;22,092396;Manduri;49,321944;-23,003333;3700;281
3528700;21,253849;Marabá Paulista;51,9625;-22,108056;5610;570
3528809;51,275774;Maracaí;50,667222;-22,610556;500;426
3528858;62,40645;Marapoama;49,128889;-21,259167;360;361
3528908;38,604691;Mariápolis;51,181389;-21,798889;1370;506
3529005;29,835622;Marília;49,945833;-22,213889;2000;370
3529104;6,9136075;Marinópolis;50,823056;-20,440556;955;553
3529203;0;Martinópolis;51,170833;-22,145833;12000;491
3529302;43,362484;Matão;48,365833;-21,603333;1600;279
3529401;80,043535;Mauá;46,461389;-23,667778;0;22
3529500;16,878542;Mendonça;49,580833;-21,166667;1515;402
3529609;11,321147;Meridiano;50,173333;-20,359167;3620;508
3529658;51,69567;Mesópolis;50,638056;-19,966389;3994;573
3529708;33,808269;Miguelópolis;48,031944;-20,179444;2000;400
3529807;78,83745;Mineiros do Tietê;48,450556;-22,409444;560;225
3529906;0;Miracatu;47,459722;-24,281389;2000;117
3530003;35,729787;Mira Estrela;50,137222;-19,979444;3687;536
3530102;0;Mirandópolis;51,101667;-21,133611;9120;532
3530201;0;Mirante do Paranapanema;51,906389;-22,291944;5710;558
3530300;25,243289;Mirassol;49,521111;-20,819167;3320;424
3530409;19,317649;Mirassolândia;49,463889;-20,616667;3000;436
3530508;37,688398;Mococa;47,004722;-21,467778;9000;233
3530607;85,041571;Moji das Cruzes;46,188333;-23,522778;530;46
3530706;60,557408;Mogi Guaçu;46,942222;-22,372222;1300;134
3530805;53,729348;Moji-Mirim;46,957778;-22,431944;1600;128
3530904;46,198175;Mombuca;47,566111;-22,929167;360;117
3531001;35,870748;Monções;50,091667;-20,850278;750;465
3531100;38,653716;Mongaguá;46,620833;-24,093056;0;60
3531209;33,235858;Monte Alegre do Sul;46,680833;-22,681944;650;96
3531308;34,711551;Monte Alto;48,496389;-21,261111;1500;317
3531407;17,602445;Monte Aprazível;49,714167;-20,7725;9100;442
3531506;17,495099;Monte Azul Paulista;48,641389;-20,907222;950;358
3531605;9,0857116;Monte Castelo;51,568611;-21,299444;3300;566
3531704;30,139242;Monteiro Lobato;45,839722;-22,956667;1150;105
3531803;26,519461;Monte Mor;47,315833;-22,946667;5850;96
3531902;52,266239;Morro Agudo;48,057778;-20,731389;1200;345
3532009;26,80579;Morungaba;46,791667;-22,88;790;76
3532058;59,301605;Motuca;48,151111;-21,508056;350;274
3532108;24,010864;Murutinga do Sul;51,2775;-20,993333;2790;556
3532157;53,237548;Nantes;51,236944;-22,620556;2000;482
3532207;46,581945;Narandiba;51,524444;-22,407222;3000;517
3532306;40,527936;Natividade da Serra;45,441944;-23,375556;3958;123
3532405;29,594415;Nazaré Paulista;46,395;-23,181111;3000;47
3532504;24,522438;Neves Paulista;49,629722;-20,846111;3670;430
3532603;33,917559;Nhandeara;50,038333;-20,694167;10665;472
3532702;34,605107;Nipoã;49,777778;-20,913333;2140;436
3532801;20,374191;Nova Aliança;49,496111;-21,015833;1900;407
3532827;37,318875;Nova Campina;48,903611;-24,120833;98;240
3532843;19,811527;Nova Canaã Paulista;50,949167;-20,385833;1150;567
3532868;12,889369;Nova Castilho;50,343056;-20,763056;3200;491
3532900;29,585317;Nova Europa;48,560833;-21,778333;450;278
3533007;36,368468;Nova Granada;49,314167;-20,533889;15313;433
3533106;9,2004189;Nova Guataporanga;51,643889;-21,334444;700;571
3533205;31,945276;Nova Independência;51,49;-21,103889;1400;569
3533254;61,505007;Novais;48,918611;-20,992222;215;368
3533304;25,295814;Nova Luzitânia;50,261667;-20,856111;1630;478
3533403;27,984298;Nova Odessa;47,295833;-22,7775;615;109
3533502;0;Novo Horizonte;49,220833;-21,468056;3320;352
3533601;23,384259;Nuporanga;47,730556;-20,730833;3812;332
3533700;37,386994;Ocauçu;49,922778;-22,438889;793;359
3533809;28,380202;Óleo;49,341944;-22,941389;2100;285
3533908;77,412901;Olímpia;48,914722;-20,737222;2004;390
3534005;36,958468;Onda Verde;49,295278;-20,6;1527;426
3534104;26,906711;Oriente;50,090833;-22,152778;250;387
3534203;17,165802;Orindiúva;49,351389;-20,182222;1359;467
3534302;36,671816;Orlândia;47,886667;-20,720278;600;339
3534401;59,787631;Osasco;46,791667;-23,5325;0;16
3534500;0;Oscar Bressane;50,281389;-22,318333;5501;398
3534609;49,16116;Osvaldo Cruz;50,878611;-21,796667;750;477
3534708;29,0749;Ourinhos;49,870556;-22,978889;1120;337
3534757;34,143781;Ouroeste;50,372222;-20,000556;3940;551
3534807;18,043539;Ouro Verde;51,700278;-21,489444;1950;569
3534906;37,88639;Pacaembu;51,260556;-21,562222;2020;524
3535002;34,614647;Palestina;49,433056;-20,39;11030;454
3535101;61,062991;Palmares Paulista;48,800833;-21,083056;115;352
3535200;0;Palmeira d'Oeste;50,761944;-20,416389;10564;549
3535309;52,747972;Palmital;50,2175;-22,788889;950;376
3535408;30,07783;Panorama;51,859722;-21,356389;1600;590
3535507;32,056364;Paraguaçu Paulista;50,575833;-22,412778;5271;423
3535606;41,477303;Paraibuna;45,662222;-23,386111;440;101
3535705;68,361559;Paraíso;48,773611;-21,016389;258;356
3535804;71,953874;Paranapanema;48,722778;-23,388611;4370;214
3535903;39,371555;Paranapuã;50,585833;-20,103333;3749;559
3536000;58,831545;Parapuã;50,771667;-21,768056;440;469
3536109;37,872507;Pardinho;48,373611;-23,081111;1640;185
3536208;12,491168;Pariquera-Açu;47,881111;-24,715;200;181
3536257;24,267298;Parisi;50,014722;-20,303611;2690;501
3536307;0;Patrocínio Paulista;47,281667;-20,639444;5719;329
3536406;27,84028;Paulicéia;51,830556;-21,317778;1950;589
3536505;18,699099;Paulínia;47,154167;-22,761111;97;102
3536570;39,341137;Paulistânia;49,402778;-22,578333;815;303
3536604;0;Paulo de Faria;49,383333;-20,030833;4500;482
3536703;56,228664;Pederneiras;48,775;-22,351667;1050;256
3536802;20,372126;Pedra Bela;46,443056;-22,793056;1680;86
3536901;14,767438;Pedranópolis;50,110278;-20,2475;6173;512
3537008;25,263255;Pedregulho;47,476667;-20,256944;2609;375
3537107;43,623187;Pedreira;46,901389;-22,741944;930;93
3537156;76,305611;Pedrinhas Paulista;50,793889;-22,815;300;433
3537206;23,021727;Pedro de Toledo;47,232778;-24,274722;157;101
3537305;26,173855;Penápolis;50,0775;-21,419722;5190;425
3537404;0;Pereira Barreto;51,109167;-20,638333;5750;563
3537503;7,6427659;Pereiras;47,975833;-23,076111;2000;147
3537602;46,968377;Peruíbe;46,998333;-24,32;45;93
3537701;76,909797;Piacatu;50,599167;-21,592222;600;462
3537800;65,094827;Piedade;47,427778;-23,711944;2543;83
3537909;42,213504;Pilar do Sul;47,716389;-23,813056;5080;114
3538006;14,895253;Pindamonhangaba;45,461667;-22,923889;4987;139
3538105;45,179231;Pindorama;48,907222;-21,185833;434;351
3538204;19,822785;Pinhalzinho;46,590556;-22,779444;1800;85
3538303;12,639417;Piquerobi;51,728611;-21,8675;2215;555
3538501;55,849978;Piquete;45,176111;-22,613611;1940;182
3538600;21,977802;Piracaia;46,358056;-23,053889;4000;62
3538709;0;Piracicaba;47,649167;-22,725278;5575;138
3538808;0;Piraju;49,383889;-23,193611;4780;284
3538907;31,237736;Pirajuí;49,457222;-21,998611;1850;337
3539004;24,354598;Pirangi;48,657778;-21,091389;350;343
3539103;33,732194;Pirapora do Bom Jesus;47,002222;-23,396944;0;41
3539202;36,826469;Pirapozinho;51,5;-22,275278;4700;519
3539301;22,453544;Pirassununga;47,425833;-21,996111;2700;190
3539400;79,379653;Piratininga;49,134722;-22,412778;580;285
3539509;27,562261;Pitangueiras;48,221667;-21,009444;800;325
3539608;62,089857;Planalto;49,929167;-21,034444;1100;439
3539707;36,412464;Platina;50,203889;-22,637778;430;379
3539806;98,078506;Poá;46,344722;-23,528056;9;30
3539905;25,332328;Poloni;49,823611;-20,785278;2950;449
3540002;25,918739;Pompéia;50,171667;-22,108611;1540;396
3540101;33,439629;Pongaí;49,366667;-21,736389;443;345
3540200;49,192542;Pontal;48,037222;-21,0225;250;315
3540259;25,018844;Pontalinda;50,523333;-20,440833;5576;529
3540309;23,950257;Pontes Gestal;49,703333;-20,166667;1250;491
3540408;49,493532;Populina;50,5375;-19,932778;5559;568
3540507;21,354358;Porangaba;48,125;-23,175833;3684;158
3540606;23,616274;Porto Feliz;47,523889;-23,214722;7750;98
3540705;15,510098;Porto Ferreira;47,479167;-21,853889;500;207
3540754;39,449318;Potim;45,251389;-22,842778;820;162
3540804;32,314152;Potirendaba;49,377222;-21,042778;7010;396
3540853;33,910556;Pracinha;51,086667;-21,851111;450;494
3540903;78,02735;Pradópolis;48,065556;-21,359444;140;283
3541000;14,942417;Praia Grande;46,402778;-24,005833;0;56
3541059;33,030228;Pratânia;48,666111;-22,808333;1650;223
3541109;25,608266;Presidente Alves;49,438056;-22,1;700;329
3541208;19,573089;Presidente Bernardes;51,553056;-22,006111;5400;533
3541307;0;Presidente Epitácio;52,115556;-21,763333;6658;597
3541406;39,268105;Presidente Prudente;51,388889;-22,125556;3950;513
3541505;24,479162;Presidente Venceslau;51,843889;-21,876111;4458;566
3541604;0;Promissão;49,858056;-21,536667;12147;399
3541653;31,927887;Quadra;48,054722;-23,299444;2166;148
3541703;49,956362;Quatá;50,698333;-22,2475;2271;441
3541802;49,108313;Queiroz;50,240278;-21,798889;420;418
3541901;62,746951;Queluz;44,773889;-22,536944;4300;221
3542008;27,47503;Quintana;50,3075;-22,0725;280;411
3542107;36,489645;Rafard;47,526944;-23,011667;100;109
3542206;30,072456;Rancharia;50,893056;-22,229167;8507;461
3542305;26,823714;Redenção da Serra;45,536667;-23,266944;4958;117
3542404;15,977929;Regente Feijó;51,302778;-22,221389;1390;501
3542503;43,418622;Reginópolis;49,225278;-21,888056;770;323
3542602;27,879044;Registro;47,843611;-24,4875;1330;161
3542701;21,317424;Restinga;47,482778;-20,603333;729;338
3542800;0;Ribeira;49,008889;-24,656944;740;271
3542909;23,626029;Ribeirão Bonito;48,176111;-22,066667;1480;228
3543006;54,942844;Ribeirão Branco;48,765556;-24,220833;460;229
3543105;38,014902;Ribeirão Corrente;47,590278;-20,456944;1045;356
3543204;20,311896;Ribeirão do Sul;49,933611;-22,784167;641;348
3543238;15,871134;Ribeirão dos Índios;51,651389;-21,975833;4600;544
3543253;82,767455;Ribeirão Grande;48,365278;-24,099167;690;186
3543303;85,393731;Ribeirão Pires;46,413333;-23,710556;0;29
3543402;39,5175;Ribeirão Preto;47,810278;-21,1775;900;289
3543501;70,748656;Riversul;49,429167;-23,828333;2364;287
3543600;32,389989;Rifaina;47,421389;-20,080556;1677;392
3543709;55,919826;Rincão;48,070833;-21,586944;1300;263
3543808;65,761472;Rinópolis;50,722222;-21,725833;920;466
3543907;56,763246;Rio Claro;47,561389;-22,411389;1470;158
3544004;13,853309;Rio das Pedras;47,606111;-22,843333;573;126
3544103;89,327945;Rio Grande da Serra;46,398333;-23,744167;0;33
3544202;26,745999;Riolândia;49,681944;-19,980833;2890;505
3544251;0;Rosana;53,059167;-22,579722;5120;667
3544301;40,458224;Roseira;45,305278;-22,898056;3800;154
3544400;93,695547;Rubiácea;50,726667;-21,300556;790;489
3544509;36,370868;Rubinéia;51,002222;-20,179444;1490;585
3544608;46,67706;Sabino;49,578333;-21,459722;521;381
3544707;36,618243;Sagres;50,956111;-21,883611;800;481
3544806;38,365337;Sales;49,485278;-21,341111;1550;382
3544905;29,456952;Sales Oliveira;47,838056;-20,771944;4000;331
3545001;63,640042;Salesópolis;45,846389;-23,532222;838;81
3545100;66,273643;Salmourão;50,860556;-21,624167;274;484
3545159;13,798841;Saltinho;47,676944;-22,846667;645;132
3545209;7,1542352;Salto;47,286944;-23,200833;900;77
3545308;49,299989;Salto de Pirapora;47,573333;-23,648889;2042;96
3545407;29,971523;Salto Grande;49,985556;-22,892778;790;350
3545506;70,036666;Sandovalina;51,763056;-22,456111;1800;539
3545605;49,908106;Santa Adélia;48,804167;-21,242778;830;339
3545704;42,908749;Santa Albertina;50,727778;-20,031944;7638;575
3545803;39,918364;Santa Bárbara d'Oeste;47,413611;-22,753611;650;119
3546009;53,146647;Santa Branca;45,883889;-23,396667;862;79
3546108;39,763508;Santa Clara d'Oeste;50,926389;-20,093889;1607;586
3546207;31,457818;Santa Cruz da Conceição;47,451944;-22,140278;500;177
3546256;13,127158;Santa Cruz da Esperança;47,429722;-21,290833;260;263
3546306;61,628388;Santa Cruz das Palmeiras;47,248611;-21,826944;1000;201
3546405;20,160507;Santa Cruz do Rio Pardo;49,6325;-22,898889;5496;315
3546504;55,93354;Santa Ernestina;48,390833;-21,462778;50;293
3546603;28,52284;Santa Fé do Sul;50,925833;-20,211111;1944;577
3546702;62,165505;Santa Gertrudes;47,530278;-22,456667;30;152
3546801;75,324383;Santa Isabel;46,221389;-23,315556;858;50
3546900;46,60718;Santa Lúcia;48,084167;-21,685;200;254
3547007;52,155191;Santa Maria da Serra;48,160556;-22,567222;1895;190
3547106;19,427992;Santa Mercedes;51,755278;-21,350833;960;580
3547205;18,535786;Santana da Ponte Pensa;50,797222;-20,253056;2045;564
3547304;43,789756;Santana de Parnaíba;46,917778;-23,444167;0;31
3547403;31,159803;Santa Rita d'Oeste;50,83;-20,143611;2427;574
3547502;51,621831;Santa Rita do Passa Quatro;47,478056;-21,710278;2300;221
3547601;22,798268;Santa Rosa de Viterbo;47,363056;-21,472778;5515;242
3547650;20,579548;Santa Salete;50,688333;-20,244722;3214;556
3547700;0;Santo Anastácio;51,610278;-21,838333;20000;545
3547809;79,18778;Santo André;46,538333;-23,663889;0;16
3547908;26,28264;Santo Antônio da Alegria;47,151111;-21,086944;3650;278
3548005;36,326359;Santo Antônio de Posse;46,919444;-22,606111;240;108
3548054;35,007918;Santo Antônio do Aracanguá;50,495556;-20,936667;5880;492
3548104;25,429146;Santo Antônio do Jardim;46,746667;-22,192778;550;150
3548203;24,726103;Santo Antônio do Pinhal;45,6625;-22,827222;188;128
3548302;22,553049;Santo Expedito;51,392222;-21,850556;1800;524
3548401;67,361841;Santópolis do Aguapeí;50,500278;-21,6375;170;450
3548500;8,627598;Santos;46,333611;-23,960833;0;55
3548609;41,628286;São Bento do Sapucaí;45,730833;-22,688889;1255;133
3548708;82,557299;São Bernardo do Campo;46,565;-23,693889;0;18
3548807;74,651056;São Caetano do Sul;46,551111;-23,623056;0;12
3548906;30,71514;São Carlos;47,890833;-22,0175;4000;213
3549003;9,3180923;São Francisco;50,696667;-20,359167;2171;548
3549102;0;São João da Boa Vista;46,798056;-21,969167;5000;176
3549201;40,13185;São João das Duas Pontes;50,378056;-20,389444;2600;521
3549250;15,040597;São João de Iracema;50,352222;-20,513333;5940;510
3549300;15,986792;São João do Pau d'Alho;51,665833;-21,268056;2980;576
3549409;44,428943;São Joaquim da Barra;47,854722;-20,581389;2000;352
3549508;33,641611;São José da Bela Vista;47,64;-20,593056;3344;343
3549607;61,756883;São José do Barreiro;44,577778;-22,645;4100;233
3549706;55,857341;São José do Rio Pardo;46,888611;-21,595556;5200;218
3549805;41,250463;São José do Rio Preto;49,379444;-20,819722;5100;414
3549904;37,962562;São José dos Campos;45,886944;-23,179444;13900;87
3549953;70,956181;São Lourenço da Serra;46,9425;-23,8525;0;46
3550001;33,184925;São Luís do Paraitinga;45,31;-23,221667;9350;140
3550100;41,475713;São Manuel;48,570556;-22,731111;3200;218
3550209;32,387682;São Miguel Arcanjo;47,997222;-23,878333;5780;144
3550308;66,936772;São Paulo;46,636111;-23,5475;0;0
3550407;33,535686;São Pedro;47,913889;-22,548611;5435;171
3550506;0;São Pedro do Turvo;49,739722;-22,746944;6635;330
3550605;33,891936;São Roque;47,135278;-23,529167;805;51
3550704;82,938664;São Sebastião;45,409722;-23,76;137;127
3550803;69,613477;São Sebastião da Grama;46,820833;-21,710556;4000;204
3550902;34,161301;São Simão;47,550833;-21,479167;1530;248
3551009;14,17453;São Vicente;46,391944;-23,963056;0;52
3551108;23,8966;Sarapuí;47,824722;-23,640556;3580;122
3551207;13,23381;Sarutaiá;49,480278;-23,273056;860;292
3551306;45,742967;Sebastianópolis do Sul;49,921111;-20,655;1750;466
3551405;46,727717;Serra Azul;47,565556;-21,310833;900;266
3551504;35,640147;Serrana;47,595556;-21,211389;650;277
3551603;41,138133;Serra Negra;46,700556;-22,612222;800;104
3551702;50,233427;Sertãozinho;47,990278;-21,137778;1000;301
3551801;34,769458;Sete Barras;47,925556;-24,387778;1200;161
3551900;85,130407;Severínia;48,802778;-20,809444;730;377
3552007;46,901313;Silveiras;44,852778;-22,664444;6250;207
3552106;40,125593;Socorro;46,528889;-22,591389;4600;106
3552205;61,489432;Sorocaba;47,458056;-23,501667;857;84
3552304;20,146711;Sud Mennucci;50,923889;-20,690833;3098;544
3552403;23,080285;Sumaré;47,266944;-22,821944;450;103
3552502;96,197925;Suzano;46,310833;-23,5425;192;33
3552551;17,587951;Suzanápolis;51,024722;-20,501389;2440;565
3552601;59,378722;Tabapuã;49,031667;-20,964167;3200;378
3552700;15,306856;Tabatinga;48,6875;-21,716667;1300;293
3552809;65,594007;Taboão da Serra;46,791667;-23,626111;0;18
3552908;29,55145;Taciba;51,284722;-22,389722;5500;494
3553005;28,846686;Taguaí;49,408889;-23,451944;2400;283
3553104;21,9634;Taiaçu;48,5125;-21,144444;750;329
3553203;19,611706;Taiúva;48,451667;-21,123889;420;327
3553302;47,895279;Tambaú;47,274444;-21,705;3300;214
3553401;0;Tanabi;49,649167;-20,626389;19600;449
3553500;69,268395;Tapiraí;47,507222;-23,963611;658;100
3553609;61,419042;Tapiratiba;46,748611;-21,468333;2900;231
3553658;15,38861;Taquaral;48,410278;-21,071944;100;329
3553708;50,862433;Taquaritinga;48,504722;-21,406111;500;305
3553807;40,350663;Taquarituba;49,244444;-23,533056;1700;266
3553856;45,701047;Taquarivaí;48,693056;-23,924444;620;214
3553906;43,616206;Tarabai;51,559167;-22,3025;1200;524
3553955;56,510661;Tarumã;50,577222;-22,746667;120;413
3554003;33,014869;Tatuí;47,856944;-23,355556;8161;127
3554102;0;Taubaté;45,555278;-23,026389;18106;125
3554201;16,60894;Tejupá;49,376389;-23,342778;2800;281
3554300;37,904338;Teodoro Sampaio;52,1675;-22,5325;4985;578
3554409;23,66729;Terra Roxa;48,329722;-20,788889;397;352
3554508;31,773085;Tietê;47,714722;-23,101944;1000;121
3554607;22,812045;Timburi;49,606667;-23,205278;1890;306
3554656;31,694811;Torre de Pedra;48,194722;-23,244444;748;163
3554706;62,923753;Torrinha;48,169167;-22,426111;2100;200
3554755;7,8990722;Trabiju;48,335556;-22,041667;500;241
3554805;7,5930926;Tremembé;45,549444;-22,958333;2578;129
3554904;24,211639;Três Fronteiras;50,890278;-20,235;2344;573
3554953;21,65333;Tuiuti;46,693611;-22,816389;5000;81
3555000;48,918552;Tupã;50,513611;-21,934722;2000;437
3555109;0;Tupi Paulista;51,570556;-21,381111;3500;562
3555208;41,197823;Turiúba;50,1075;-20,933333;1800;460
3555307;50,353681;Turmalina;50,476111;-20,051667;4305;555
3555356;12,903772;Ubarana;49,7175;-21,165556;1100;413
3555406;41,568533;Ubatuba;45,071111;-23,433889;142;160
3555505;25,733763;Ubirajara;49,663056;-22,526667;1332;330
3555604;54,479165;Uchoa;49,174722;-20,952778;1000;389
3555703;55,026567;União Paulista;49,897222;-20,887222;1520;447
3555802;22,637416;Urânia;50,643056;-20,246111;6022;552
3555901;46,772943;Uru;49,280833;-21,783889;107;335
3556008;44,521541;Urupês;49,29;-21,201667;1930;377
3556107;22,611472;Valentim Gentil;50,0875;-20,422222;3400;497
3556206;9,8284297;Valinhos;46,995833;-22,970556;200;74
3556305;26,368911;Valparaíso;50,868333;-21,227778;940;506
3556354;14,900781;Vargem;46,413611;-22,888889;1500;76
3556404;75,107984;Vargem Grande do Sul;46,893611;-21,832222;2330;192
3556453;46,883342;Vargem Grande Paulista;47,026389;-23,603333;0;40
3556503;41,512521;Várzea Paulista;46,828333;-23,211389;8;42
3556602;16,849312;Vera Cruz;49,819444;-22,219722;1000;358
3556701;16,355394;Vinhedo;46,975278;-23,029722;120;67
3556800;20,752007;Viradouro;48,296944;-20,873056;520;342
3556909;29,107444;Vista Alegre do Alto;48,629167;-21,170556;100;334
3556958;37,883844;Vitória Brasil;50,484444;-20,196667;1155;544
3557006;62,925388;Votorantim;47,437778;-23,546667;1425;82
3557105;32,446221;Votuporanga;49,972778;-20,422778;8730;488
3557154;55,26737;Zacarias;50,050833;-21,052222;2200;447
3557204;32,619758;Chavantes;49,709444;-23,038889;380;319
3557303;71,536723;Estiva Gerbi;46,944722;-22,271389;300;145
3599919;0;Santo Amaro;0;0;0;0
