codigo,dist_centro,longitude,latitude,peso,dist_cap
3500105,"52,221147","51,0725","-21,685278",2500,501
3500204,"20,792106","49,643611","-21,235",1480,402
3500303,"21,153444","46,978611","-22,059444",1500,169
3500402,"9,1412908","46,716667","-21,936667",980,179
3500501,"53,70899","46,632778","-22,476389",400,119
3500550,"37,851102","49,238889","-22,880556",1180,276
3500600,"27,174679","47,876111","-22,599444",0,165
3500709,"80,795464","48,9875","-22,469167",780,269
3500758,"16,386941","47,898611","-23,550833",1420,129
3500808,"24,179165","51,412778","-21,955278",3000,521
3500907,"62,52044","49,058889","-20,523611",857,418
3501004,"28,70187","47,373889","-21,025556",3600,289
3501103,"31,982961","50,163611","-21,580556",2790,423
3501152,"80,901207","47,261944","-23,535",390,64
3501202,"35,273052","49,910556","-20,320833",5390,492
3501301,"30,378171","51,471944","-22,079444",4680,522
3501400,"14,97061","49,718889","-22,089167",1297,355
3501509,"33,761972","49,763056","-22,444167",340,343
3501608,"33,344272","47,331389","-22,739167",650,114
3501707,"42,18981","48,101667","-21,724444",200,252
3501806,"37,397299","49,731667","-20,299167",3940,481
3501905,"36,036768","46,764444","-22,701111",3600,95
3502002,"25,153108","47,663056","-22,126389",800,189
3502101,"39,110491","51,379444","-20,896111",7400,570
3502200,"38,393313","48,412778","-23,489722",8490,182
3502309,"27,81778","48,127222","-22,789444",2600,174
3502408,"27,797935","51,387222","-22,295278",3500,507
3502507,"37,482154","45,229722","-22,846944",470,164
3502606,"12,814515","50,879722","-20,449444",2387,557
3502705,"23,502734","48,8425","-24,509444",100,248
3502754,"31,08101","47,061389","-23,438611",413,45
3502804,"69,804894","50,432778","-21,208889",3840,469
3502903,"45,770622","47,614167","-23,505278",846,100
3503000,"13,830351","47,785833","-20,090278",300,401
3503109,"44,958741","49,053889","-23,134444",1000,251
3503158,"68,828334","44,447778","-22,673889",2017,244
3503208,"31,287351","48,175556","-21,794444",2500,250
3503307,"55,91914","47,384167","-22,356944",1534,153
3503356,"68,006096","50,465","-21,7725",320,440
3503406,"31,296155","48,911111","-22,028611",2408,288
3503505,"61,266278","44,696944","-22,579722",3100,226
3503604,"48,491382","48,665","-22,668056",360,230
3503703,"54,706067","48,786944","-21,187778",290,343
3503802,"38,716097","47,1725","-22,573056",1233,121
3503901,"88,404207","46,320833","-23,396111",35,36
3503950,"28,868934","50,727222","-20,158889",2927,565
3504008,"40,485505","50,412222","-22,661667",2600,399
3504107,"18,372145","46,550278","-23,116944",1600,48
3504206,"36,906349","50,554722","-20,685556",3600,514
3504305,"34,024034","49,333056","-22,146667",1710,317
3504404,"12,693888","49,949722","-21,460833",1990,412
3504503,"31,717358","48,925833","-23,098611",4120,239
3504602,"29,353853","49,445278","-20,918056",1230,411
3504701,"50,023116","49,356667","-21,899722",336,334
3504800,"13,900309","49,583611","-20,735278",1530,435
3504909,"78,374866","44,323333","-22,683611",1580,256
3505005,"51,490713","49,561389","-23,626944",1430,299
3505104,"31,478382","49,949167","-21,266667",1140,424
3505203,"36,389146","48,740278","-22,074444",2100,271
3505302,"67,767613","48,558056","-22,494722",340,229
3505351,"20,513717","49,024444","-24,473056",90,264
3505401,"51,262531","48,504722","-24,756389",900,232
3505500,0,"48,567778","-20,557222",2500,387
3505609,"42,523993","48,163889","-21,193611",150,304
3505708,"51,149879","46,876111","-23,510556",0,25
3505807,"51,474558","50,733889","-21,921944",650,458
3505906,0,"47,585","-20,891111",5000,310
3506003,"66,392015","49,060556","-22,314722",980,284
3506102,0,"48,479167","-20,949444",2750,345
3506201,"33,684066","50,811944","-21,270556",170,498
3506300,"22,104525","49,474167","-23,013056",2840,296
3506359,"19,521237","46,138611","-23,854444",0,61
3506409,"65,110141","50,470556","-21,403333",1500,461
3506508,"57,023746","50,34","-21,288611",4600,456
3506607,"78,27814","46,038611","-23,5725",135,61
3506706,0,"48,390833","-21,9925",3000,249
3506805,"20,667051","48,518056","-22,136111",1370,248
3506904,"27,08581","48,257778","-23,102222",4080,173
3507001,"51,831677","47,672222","-23,283333",1030,110
3507100,"21,820351","46,465278","-23,135",500,49
3507159,"40,122911","49,143889","-24,317778",78,269
3507209,"26,597805","50,534444","-22,269722",1736,424
3507308,"48,688228","48,778889","-22,193056",990,266
3507407,"22,727867","49,073611","-21,619722",1950,329
3507456,"87,662812","48,971111","-22,569444",236,263
3507506,"29,702775","48,445","-22,885833",5800,199
3507605,0,"46,541944","-22,951944",6000,67
3507704,"47,522784","50,315556","-21,499167",1330,441
3507753,"60,430897","50,185278","-21,166389",450,451
3507803,"13,523048","47,658611","-20,991389",1000,302
3507902,"69,387683","48,126667","-22,284167",2980,207
3508009,"55,855886","48,592778","-23,7975",3000,202
3508108,"51,487059","50,147222","-21,066111",2850,454
3508207,0,"47,708333","-20,191111",3000,388
3508306,"42,627399","49,3375","-22,455556",586,302
3508405,"17,669396","47,132778","-23,3075",2100,57
3508504,"17,591517","45,706944","-23,100833",4000,107
3508603,"45,82517","45,009444","-22,665",5870,193
3508702,"73,989405","46,643889","-21,529444",3200,223
3508801,"39,136642","49,61","-21,8025",692,362
3508900,"16,28963","51,235556","-22,012222",3500,502
3509007,"50,147198","46,740556","-23,364167",0,23
3509106,"14,29412","51,998333","-21,831667",2210,583
3509205,"44,324831","46,876944","-23,356111",93,32
3509254,"13,111049","48,122778","-24,736111",2000,200
3509304,"78,11972","48,809444","-20,879722",480,371
3509403,0,"47,304167","-21,275278",11000,261
3509452,"43,235291","48,477222","-23,591944",2650,188
3509502,0,"47,060833","-22,905556",9585,83
3509601,"43,81452","46,784444","-23,206389",21,41
3509700,"32,12956","45,591389","-22,739444",115,139
3509809,"56,343234","50,0025","-22,603056",575,360
3509908,"36,641809","47,926667","-25,014722",100,209
3509957,"42,392656","45,055278","-22,703611",945,187
3510005,"48,830396","50,386944","-22,746389",690,394
3510104,"52,287424","48,630833","-21,325278",80,321
3510153,"29,20106","49,783333","-23,006389",89,328
3510203,"81,670675","48,349444","-24,005833",1800,182
3510302,"35,146644","47,734722","-23,470556",1500,113
3510401,"36,764311","47,507778","-22,995",1907,108
3510500,"67,634374","45,413056","-23,620278",578,125
3510609,"55,366552","46,835556","-23,5225",0,21
3510708,0,"49,914167","-20,081944",10576,512
3510807,"59,861575","47,086389","-21,773889",1800,202
3510906,"13,959216","47,169722","-21,282778",4500,257
3511003,"49,500983","51,4875","-20,872222",5420,581
3511102,"44,835836","48,972778","-21,137778",1740,359
3511201,"65,396939","49,058333","-21,049444",463,373
3511300,"46,700585","49,268333","-20,902778",2787,399
3511409,"28,378956","49,166111","-23,035556",3130,265
3511508,"31,989111","47,743611","-23,165",400,121
3511607,"24,236534","47,953056","-23,226667",2154,139
3511706,"27,385062","47,778056","-22,509722",780,164
3511904,"61,205656","50,449167","-21,559722",550,450
3512001,"17,588707","48,540833","-20,713333",1120,370
3512100,0,"48,688889","-20,175833",856,429
3512209,"65,005023","47,1725","-22,330278",180,146
3512308,0,"48,010556","-23,015278",4200,152
3512407,"62,207969","47,456667","-22,481944",234,145
3512506,"48,403186","50,281389","-21,351944",1450,447
3512605,"49,187343","49,313611","-23,631111",1875,273
3512704,"35,166025","47,625833","-22,22",1320,179
3512803,"32,046508","47,196111","-22,645833",172,115
3512902,"46,269472","49,777778","-20,477778",4140,470
3513009,"54,144725","46,919167","-23,603889",0,30
3513108,"44,657664","47,729444","-21,340278",1600,269
3513207,"30,566828","47,420278","-20,397222",2410,358
3513306,"70,163723","50,793611","-22,735556",400,435
3513405,"55,42864","44,962778","-22,576111",5700,202
3513504,"20,339588","46,425278","-23,895",0,44
3513603,0,"44,959722","-23,074444",19600,179
3513702,0,"47,619444","-21,903889",6700,208
3513801,"50,54689","46,622778","-23,686111",0,15
3513850,"17,157105","50,606111","-20,466111",4394,533
3513900,"72,557207","46,739167","-21,661389",900,209
3514007,"52,36288","48,393889","-21,516667",70,289
3514106,"81,565239","48,380278","-22,366111",2400,222
3514205,"41,681451","50,513333","-20,123056",2560,552
3514304,"14,146452","48,3175","-22,1",796,236
3514403,"11,93615","51,532778","-21,4825",2700,553
3514502,"34,465248","49,403889","-22,414444",882,310
3514601,"55,673076","47,973333","-21,236389",142,291
3514700,"14,894756","50,200556","-22,429444",1500,386
3514809,"21,969663","48,108056","-24,52",150,184
3514908,"35,505939","47,373889","-23,042778",780,94
3514924,"61,137029","49,111667","-21,165556",745,367
3514957,"67,174226","48,835556","-20,9825",470,363
3515004,"62,536295","46,852222","-23,648889",0,25
3515103,0,"46,811389","-23,832222",0,36
3515129,"13,148329","51,483056","-21,833056",1800,533
3515152,"49,028329","47,215","-22,488333",1147,131
3515186,"20,183314","46,682778","-22,115833",1900,159
3515194,"55,969663","49,430278","-22,692222",1200,301
3515202,"40,283115","50,400833","-20,287778",4961,531
3515301,"63,127948","51,660278","-22,488056",2000,528
3515350,0,"52,590278","-22,561389",5136,620
3515400,"25,20061","49,51","-23,388333",4160,294
3515509,0,"50,246389","-20,283889",10000,519
3515608,"56,848345","48,685278","-21,264444",100,329
3515657,"21,564416","49,520833","-22,358611",400,324
3515707,"100,89128","46,368611","-23,540833",8,27
3515806,"38,032817","51,384167","-21,675833",880,530
3515905,"22,624867","50,145278","-20,676667",3200,482
3516002,"48,607021","51,173611","-21,614722",2500,513
3516101,"80,185141","50,737778","-22,903333",60,426
3516200,"16,725376","47,400833","-20,538611",2830,342
3516309,"52,843002","46,745278","-23,281667",0,31
3516408,"45,267215","46,726944","-23,321667",14,27
3516507,"72,081631","50,554722","-21,531111",650,461
3516606,"13,928065","49,552778","-22,291389",1500,330
3516705,0,"49,656111","-22,210556",3000,343
3516804,"24,608445","50,186944","-20,798611",3200,476
3516853,"20,170236","48,494722","-21,838889",500,269
3516903,0,"50,360556","-20,648333",17111,501
3517000,"30,034043","49,928611","-21,798611",702,390
3517109,"40,186983","50,205833","-21,376111",3730,439
3517208,"11,303538","49,798611","-21,621944",1455,389
3517307,"41,715685","49,896667","-21,91",458,381
3517406,"64,414333","48,310556","-20,318333",750,397
3517505,"48,401885","49,220278","-20,795",2010,405
3517604,"71,146814","48,532778","-24,185",180,206
3517703,"57,175409","47,824167","-20,428333",1720,367
3517802,"15,995733","51,206667","-21,028333",5480,547
3517901,"69,292775","48,944722","-20,498611",1277,413
3518008,"25,21173","50,339444","-20,074722",3252,543
3518107,"48,552255","49,589722","-21,895",531,354
3518206,"86,863112","50,642778","-21,260833",2800,484
3518305,"65,366228","46,035","-23,415",1850,63
3518404,"37,313484","45,1925","-22,816389",18050,169
3518503,"27,778322","48,184167","-23,372778",8650,159
3518602,"52,557031","48,228333","-21,36",110,292
3518701,0,"46,256389","-23,993056",6,63
3518800,"56,824902","46,533333","-23,462778",52,14
3518859,"66,120267","48,037778","-21,496667",250,269
3518909,"27,964987","50,661944","-20,649722",8250,525
3519006,"36,604638","50,385278","-22,003611",2960,421
3519055,"30,31399","47,055556","-22,633056",680,110
3519071,"17,135224","47,22","-22,858333",6,97
3519105,"25,003222","49,024722","-21,89",1640,306
3519204,"59,051137","50,689444","-21,858333",835,457
3519253,"42,440007","49,162778","-22,870833",160,269
3519303,"39,32975","47,996667","-21,954722",315,225
3519402,"46,547648","49,240833","-21,080278",1870,383
3519501,"35,016639","50,0725","-22,8175",175,361
3519600,0,"48,828889","-21,757778",3060,300
3519709,"84,943165","47,2225","-23,656389",852,61
3519808,"56,940185","49,195","-20,341667",1384,443
3519907,"58,073311","51,076111","-22,660556",3740,465
3520004,"66,16984","48,557778","-22,509167",92,228
3520103,"17,464844","47,746944","-20,038333",1200,405
3520202,"64,574991","46,156111","-23,204444",717,62
3520301,"45,196731","47,555278","-24,708056",260,159
3520400,"85,994701","45,358056","-23,778056",45,133
3520426,"47,01316","47,54","-24,741111",0,161
3520442,"33,367493","51,3425","-20,432778",4250,596
3520509,"26,100967","47,218056","-23,090278",2600,78
3520608,"8,9140614","51,251667","-22,174444",786,498
3520707,"34,102013","50,289722","-19,98",6030,547
3520806,"47,057124","50,961944","-21,769722",720,486
3520905,"36,353653","49,626389","-23,056667",250,311
3521002,"45,862295","47,688611","-23,350278",1120,110
3521101,"32,980513","47,718889","-22,435833",173,166
3521150,"27,471947","49,387222","-20,656667",2010,428
3521200,"60,905677","48,593056","-24,585556",480,230
3521309,"67,201904","48,012222","-20,438056",500,372
3521408,"59,260111","47,518611","-22,580556",157,140
3521507,"38,415118","49,408889","-21,279444",890,380
3521606,"31,469481","51,345","-21,570833",2500,532
3521705,0,"49,137222","-23,861944",9000,257
3521804,"38,981047","49,090556","-23,417778",1960,251
3521903,"23,985097","49,054444","-21,318056",1350,351
3522000,"24,96547","48,804722","-21,981111",900,282
3522109,"68,913361","46,788889","-24,183056",0,72
3522158,"16,897888","48,842778","-24,64",720,255
3522208,"68,142127","46,849167","-23,716944",0,29
3522307,0,"48,053056","-23,591667",20080,145
3522406,"29,778332","48,875556","-23,982222",4900,233
3522505,"48,897468","46,934167","-23,548889",0,30
3522604,"57,696372","46,821667","-22,436111",1300,125
3522653,"18,557447","49,168056","-24,573889",328,281
3522703,"18,120053","48,812778","-21,595556",1320,311
3522802,"58,199516","49,489722","-23,707778",3870,292
3522901,"43,153407","48,719167","-22,233333",690,259
3523008,"41,614285","51,508889","-20,646111",730,597
3523107,"95,824084","46,348333","-23,486111",20,30
3523206,"34,16259","49,331667","-24,1125",5366,282
3523305,"28,935457","47,174444","-24,289167",21,99
3523404,"25,320009","46,838889","-23,005833",2300,63
3523503,0,"48,615833","-23,101667",6600,208
3523602,"44,103218","47,822778","-22,252778",910,188
3523701,"6,5072691","47,219167","-20,640833",1263,327
3523800,"61,620167","46,975","-21,736944",2100,204
3523909,0,"47,299167","-23,264167",9920,75
3524006,"27,530277","47,057778","-23,153056",215,61
3524105,"61,767555","47,780556","-20,339444",1400,374
3524204,"21,749633","48,4125","-20,688056",252,366
3524303,"37,658462","48,322222","-21,254722",1500,308
3524402,"52,199242","45,965833","-23,305278",1600,74
3524501,"29,622759","49,57","-20,882222",1780,423
3524600,0,"48,002222","-24,6925",3500,188
3524709,"53,119696","46,985833","-22,705556",1200,100
3524808,"27,876792","50,545833","-20,268889",8826,543
3524907,"28,677163","45,687778","-23,253611",2200,102
3525003,"49,975063","46,9025","-23,5275",0,27
3525102,"23,318508","47,763889","-21,017778",2400,303
3525201,"40,414064","46,728333","-23,101389",149,50
3525300,"37,924538","48,557778","-22,296389",900,241
3525409,"18,242229","47,589167","-20,311111",483,372
3525508,"27,39214","46,275556","-22,930278",1820,78
3525607,"43,102673","50,767778","-22,250278",2037,448
3525706,0,"49,688333","-21,052778",11320,419
3525805,"26,185303","49,787222","-22,008889",400,366
3525854,"24,492716","47,784167","-23,086667",2400,128
3525904,"36,09208","46,884167","-23,186389",210,47
3526001,"20,53872","51,433611","-21,514722",1600,542
3526100,"18,274394","47,634722","-24,320833",940,133
3526209,"55,606014","47,068333","-23,931667",0,61
3526308,"38,029757","45,190278","-23,090556",8971,156
3526407,"18,206845","47,836667","-23,049722",2150,135
3526506,"7,4969887","51,039722","-21,168333",5960,525
3526605,"56,3241","44,902222","-22,570833",2800,208
3526704,"39,238612","47,390278","-22,185556",1800,170
3526803,"79,500235","48,800278","-22,598611",388,245
3526902,"51,571509","47,401667","-22,564722",1087,134
3527009,"48,974597","46,65","-22,523056",400,113
3527108,"19,800315","49,7425","-21,678611",4328,381
3527207,"41,790632","45,124722","-22,730833",12350,179
3527256,"38,169823","50,224167","-20,966944",770,467
3527306,"23,065931","46,950556","-23,086389",65,60
3527405,"49,861557","51,018889","-21,720278",3000,494
3527504,"28,121037","49,5225","-22,431111",240,321
3527603,"51,825515","47,704444","-21,555",40,246
3527702,"50,871676","50,326667","-21,675833",1105,432
3527801,"37,769094","49,817222","-22,415",240,349
3527900,"11,655079","50,392222","-22,34",4003,408
3528007,"65,599212","48,711389","-22,502222",126,242
3528106,"44,828734","49,963889","-20,805833",4380,458
3528205,"16,28445","50,194444","-20,145833",5830,526
3528304,"14,002093","50,226111","-20,643889",2500,491
3528403,"33,485629","47,183333","-23,545833",670,56
3528502,"41,038686","46,586667","-23,318611",22,26
3528601,"22,092396","49,321944","-23,003333",3700,281
3528700,"21,253849","51,9625","-22,108056",5610,570
3528809,"51,275774","50,667222","-22,610556",500,426
3528858,"62,40645","49,128889","-21,259167",360,361
3528908,"38,604691","51,181389","-21,798889",1370,506
3529005,"29,835622","49,945833","-22,213889",2000,370
3529104,"6,9136075","50,823056","-20,440556",955,553
3529203,0,"51,170833","-22,145833",12000,491
3529302,"43,362484","48,365833","-21,603333",1600,279
3529401,"80,043535","46,461389","-23,667778",0,22
3529500,"16,878542","49,580833","-21,166667",1515,402
3529609,"11,321147","50,173333","-20,359167",3620,508
3529658,"51,69567","50,638056","-19,966389",3994,573
3529708,"33,808269","48,031944","-20,179444",2000,400
3529807,"78,83745","48,450556","-22,409444",560,225
3529906,0,"47,459722","-24,281389",2000,117
3530003,"35,729787","50,137222","-19,979444",3687,536
3530102,0,"51,101667","-21,133611",9120,532
3530201,0,"51,906389","-22,291944",5710,558
3530300,"25,243289","49,521111","-20,819167",3320,424
3530409,"19,317649","49,463889","-20,616667",3000,436
3530508,"37,688398","47,004722","-21,467778",9000,233
3530607,"85,041571","46,188333","-23,522778",530,46
3530706,"60,557408","46,942222","-22,372222",1300,134
3530805,"53,729348","46,957778","-22,431944",1600,128
3530904,"46,198175","47,566111","-22,929167",360,117
3531001,"35,870748","50,091667","-20,850278",750,465
3531100,"38,653716","46,620833","-24,093056",0,60
3531209,"33,235858","46,680833","-22,681944",650,96
3531308,"34,711551","48,496389","-21,261111",1500,317
3531407,"17,602445","49,714167","-20,7725",9100,442
3531506,"17,495099","48,641389","-20,907222",950,358
3531605,"9,0857116","51,568611","-21,299444",3300,566
3531704,"30,139242","45,839722","-22,956667",1150,105
3531803,"26,519461","47,315833","-22,946667",5850,96
3531902,"52,266239","48,057778","-20,731389",1200,345
3532009,"26,80579","46,791667","-22,88",790,76
3532058,"59,301605","48,151111","-21,508056",350,274
3532108,"24,010864","51,2775","-20,993333",2790,556
3532157,"53,237548","51,236944","-22,620556",2000,482
3532207,"46,581945","51,524444","-22,407222",3000,517
3532306,"40,527936","45,441944","-23,375556",3958,123
3532405,"29,594415","46,395","-23,181111",3000,47
3532504,"24,522438","49,629722","-20,846111",3670,430
3532603,"33,917559","50,038333","-20,694167",10665,472
3532702,"34,605107","49,777778","-20,913333",2140,436
3532801,"20,374191","49,496111","-21,015833",1900,407
3532827,"37,318875","48,903611","-24,120833",98,240
3532843,"19,811527","50,949167","-20,385833",1150,567
3532868,"12,889369","50,343056","-20,763056",3200,491
3532900,"29,585317","48,560833","-21,778333",450,278
3533007,"36,368468","49,314167","-20,533889",15313,433
3533106,"9,2004189","51,643889","-21,334444",700,571
3533205,"31,945276","51,49","-21,103889",1400,569
3533254,"61,505007","48,918611","-20,992222",215,368
3533304,"25,295814","50,261667","-20,856111",1630,478
3533403,"27,984298","47,295833","-22,7775",615,109
3533502,0,"49,220833","-21,468056",3320,352
3533601,"23,384259","47,730556","-20,730833",3812,332
3533700,"37,386994","49,922778","-22,438889",793,359
3533809,"28,380202","49,341944","-22,941389",2100,285
3533908,"77,412901","48,914722","-20,737222",2004,390
3534005,"36,958468","49,295278","-20,6",1527,426
3534104,"26,906711","50,090833","-22,152778",250,387
3534203,"17,165802","49,351389","-20,182222",1359,467
3534302,"36,671816","47,886667","-20,720278",600,339
3534401,"59,787631","46,791667","-23,5325",0,16
3534500,0,"50,281389","-22,318333",5501,398
3534609,"49,16116","50,878611","-21,796667",750,477
3534708,"29,0749","49,870556","-22,978889",1120,337
3534757,"34,143781","50,372222","-20,000556",3940,551
3534807,"18,043539","51,700278","-21,489444",1950,569
3534906,"37,88639","51,260556","-21,562222",2020,524
3535002,"34,614647","49,433056","-20,39",11030,454
3535101,"61,062991","48,800833","-21,083056",115,352
3535200,0,"50,761944","-20,416389",10564,549
3535309,"52,747972","50,2175","-22,788889",950,376
3535408,"30,07783","51,859722","-21,356389",1600,590
3535507,"32,056364","50,575833","-22,412778",5271,423
3535606,"41,477303","45,662222","-23,386111",440,101
3535705,"68,361559","48,773611","-21,016389",258,356
3535804,"71,953874","48,722778","-23,388611",4370,214
3535903,"39,371555","50,585833","-20,103333",3749,559
3536000,"58,831545","50,771667","-21,768056",440,469
3536109,"37,872507","48,373611","-23,081111",1640,185
3536208,"12,491168","47,881111","-24,715",200,181
3536257,"24,267298","50,014722","-20,303611",2690,501
3536307,0,"47,281667","-20,639444",5719,329
3536406,"27,84028","51,830556","-21,317778",1950,589
3536505,"18,699099","47,154167","-22,761111",97,102
3536570,"39,341137","49,402778","-22,578333",815,303
3536604,0,"49,383333","-20,030833",4500,482
3536703,"56,228664","48,775","-22,351667",1050,256
3536802,"20,372126","46,443056","-22,793056",1680,86
3536901,"14,767438","50,110278","-20,2475",6173,512
3537008,"25,263255","47,476667","-20,256944",2609,375
3537107,"43,623187","46,901389","-22,741944",930,93
3537156,"76,305611","50,793889","-22,815",300,433
3537206,"23,021727","47,232778","-24,274722",157,101
3537305,"26,173855","50,0775","-21,419722",5190,425
3537404,0,"51,109167","-20,638333",5750,563
3537503,"7,6427659","47,975833","-23,076111",2000,147
3537602,"46,968377","46,998333","-24,32",45,93
3537701,"76,909797","50,599167","-21,592222",600,462
3537800,"65,094827","47,427778","-23,711944",2543,83
3537909,"42,213504","47,716389","-23,813056",5080,114
3538006,"14,895253","45,461667","-22,923889",4987,139
3538105,"45,179231","48,907222","-21,185833",434,351
3538204,"19,822785","46,590556","-22,779444",1800,85
3538303,"12,639417","51,728611","-21,8675",2215,555
3538501,"55,849978","45,176111","-22,613611",1940,182
3538600,"21,977802","46,358056","-23,053889",4000,62
3538709,0,"47,649167","-22,725278",5575,138
3538808,0,"49,383889","-23,193611",4780,284
3538907,"31,237736","49,457222","-21,998611",1850,337
3539004,"24,354598","48,657778","-21,091389",350,343
3539103,"33,732194","47,002222","-23,396944",0,41
3539202,"36,826469","51,5","-22,275278",4700,519
3539301,"22,453544","47,425833","-21,996111",2700,190
3539400,"79,379653","49,134722","-22,412778",580,285
3539509,"27,562261","48,221667","-21,009444",800,325
3539608,"62,089857","49,929167","-21,034444",1100,439
3539707,"36,412464","50,203889","-22,637778",430,379
3539806,"98,078506","46,344722","-23,528056",9,30
3539905,"25,332328","49,823611","-20,785278",2950,449
3540002,"25,918739","50,171667","-22,108611",1540,396
3540101,"33,439629","49,366667","-21,736389",443,345
3540200,"49,192542","48,037222","-21,0225",250,315
3540259,"25,018844","50,523333","-20,440833",5576,529
3540309,"23,950257","49,703333","-20,166667",1250,491
3540408,"49,493532","50,5375","-19,932778",5559,568
3540507,"21,354358","48,125","-23,175833",3684,158
3540606,"23,616274","47,523889","-23,214722",7750,98
3540705,"15,510098","47,479167","-21,853889",500,207
3540754,"39,449318","45,251389","-22,842778",820,162
3540804,"32,314152","49,377222","-21,042778",7010,396
3540853,"33,910556","51,086667","-21,851111",450,494
3540903,"78,02735","48,065556","-21,359444",140,283
3541000,"14,942417","46,402778","-24,005833",0,56
3541059,"33,030228","48,666111","-22,808333",1650,223
3541109,"25,608266","49,438056","-22,1",700,329
3541208,"19,573089","51,553056","-22,006111",5400,533
3541307,0,"52,115556","-21,763333",6658,597
3541406,"39,268105","51,388889","-22,125556",3950,513
3541505,"24,479162","51,843889","-21,876111",4458,566
3541604,0,"49,858056","-21,536667",12147,399
3541653,"31,927887","48,054722","-23,299444",2166,148
3541703,"49,956362","50,698333","-22,2475",2271,441
3541802,"49,108313","50,240278","-21,798889",420,418
3541901,"62,746951","44,773889","-22,536944",4300,221
3542008,"27,47503","50,3075","-22,0725",280,411
3542107,"36,489645","47,526944","-23,011667",100,109
3542206,"30,072456","50,893056","-22,229167",8507,461
3542305,"26,823714","45,536667","-23,266944",4958,117
3542404,"15,977929","51,302778","-22,221389",1390,501
3542503,"43,418622","49,225278","-21,888056",770,323
3542602,"27,879044","47,843611","-24,4875",1330,161
3542701,"21,317424","47,482778","-20,603333",729,338
3542800,0,"49,008889","-24,656944",740,271
3542909,"23,626029","48,176111","-22,066667",1480,228
3543006,"54,942844","48,765556","-24,220833",460,229
3543105,"38,014902","47,590278","-20,456944",1045,356
3543204,"20,311896","49,933611","-22,784167",641,348
3543238,"15,871134","51,651389","-21,975833",4600,544
3543253,"82,767455","48,365278","-24,099167",690,186
3543303,"85,393731","46,413333","-23,710556",0,29
3543402,"39,5175","47,810278","-21,1775",900,289
3543501,"70,748656","49,429167","-23,828333",2364,287
3543600,"32,389989","47,421389","-20,080556",1677,392
3543709,"55,919826","48,070833","-21,586944",1300,263
3543808,"65,761472","50,722222","-21,725833",920,466
3543907,"56,763246","47,561389","-22,411389",1470,158
3544004,"13,853309","47,606111","-22,843333",573,126
3544103,"89,327945","46,398333","-23,744167",0,33
3544202,"26,745999","49,681944","-19,980833",2890,505
3544251,0,"53,059167","-22,579722",5120,667
3544301,"40,458224","45,305278","-22,898056",3800,154
3544400,"93,695547","50,726667","-21,300556",790,489
3544509,"36,370868","51,002222","-20,179444",1490,585
3544608,"46,67706","49,578333","-21,459722",521,381
3544707,"36,618243","50,956111","-21,883611",800,481
3544806,"38,365337","49,485278","-21,341111",1550,382
3544905,"29,456952","47,838056","-20,771944",4000,331
3545001,"63,640042","45,846389","-23,532222",838,81
3545100,"66,273643","50,860556","-21,624167",274,484
3545159,"13,798841","47,676944","-22,846667",645,132
3545209,"7,1542352","47,286944","-23,200833",900,77
3545308,"49,299989","47,573333","-23,648889",2042,96
3545407,"29,971523","49,985556","-22,892778",790,350
3545506,"70,036666","51,763056","-22,456111",1800,539
3545605,"49,908106","48,804167","-21,242778",830,339
3545704,"42,908749","50,727778","-20,031944",7638,575
3545803,"39,918364","47,413611","-22,753611",650,119
3546009,"53,146647","45,883889","-23,396667",862,79
3546108,"39,763508","50,926389","-20,093889",1607,586
3546207,"31,457818","47,451944","-22,140278",500,177
3546256,"13,127158","47,429722","-21,290833",260,263
3546306,"61,628388","47,248611","-21,826944",1000,201
3546405,"20,160507","49,6325","-22,898889",5496,315
3546504,"55,93354","48,390833","-21,462778",50,293
3546603,"28,52284","50,925833","-20,211111",1944,577
3546702,"62,165505","47,530278","-22,456667",30,152
3546801,"75,324383","46,221389","-23,315556",858,50
3546900,"46,60718","48,084167","-21,685",200,254
3547007,"52,155191","48,160556","-22,567222",1895,190
3547106,"19,427992","51,755278","-21,350833",960,580
3547205,"18,535786","50,797222","-20,253056",2045,564
3547304,"43,789756","46,917778","-23,444167",0,31
3547403,"31,159803","50,83","-20,143611",2427,574
3547502,"51,621831","47,478056","-21,710278",2300,221
3547601,"22,798268","47,363056","-21,472778",5515,242
3547650,"20,579548","50,688333","-20,244722",3214,556
3547700,0,"51,610278","-21,838333",20000,545
3547809,"79,18778","46,538333","-23,663889",0,16
3547908,"26,28264","47,151111","-21,086944",3650,278
3548005,"36,326359","46,919444","-22,606111",240,108
3548054,"35,007918","50,495556","-20,936667",5880,492
3548104,"25,429146","46,746667","-22,192778",550,150
3548203,"24,726103","45,6625","-22,827222",188,128
3548302,"22,553049","51,392222","-21,850556",1800,524
3548401,"67,361841","50,500278","-21,6375",170,450
3548500,"8,627598","46,333611","-23,960833",0,55
3548609,"41,628286","45,730833","-22,688889",1255,133
3548708,"82,557299","46,565","-23,693889",0,18
3548807,"74,651056","46,551111","-23,623056",0,12
3548906,"30,71514","47,890833","-22,0175",4000,213
3549003,"9,3180923","50,696667","-20,359167",2171,548
3549102,0,"46,798056","-21,969167",5000,176
3549201,"40,13185","50,378056","-20,389444",2600,521
3549250,"15,040597","50,352222","-20,513333",5940,510
3549300,"15,986792","51,665833","-21,268056",2980,576
3549409,"44,428943","47,854722","-20,581389",2000,352
3549508,"33,641611","47,64","-20,593056",3344,343
3549607,"61,756883","44,577778","-22,645",4100,233
3549706,"55,857341","46,888611","-21,595556",5200,218
3549805,"41,250463","49,379444","-20,819722",5100,414
3549904,"37,962562","45,886944","-23,179444",13900,87
3549953,"70,956181","46,9425","-23,8525",0,46
3550001,"33,184925","45,31","-23,221667",9350,140
3550100,"41,475713","48,570556","-22,731111",3200,218
3550209,"32,387682","47,997222","-23,878333",5780,144
3550308,"66,936772","46,636111","-23,5475",0,0
3550407,"33,535686","47,913889","-22,548611",5435,171
3550506,0,"49,739722","-22,746944",6635,330
3550605,"33,891936","47,135278","-23,529167",805,51
3550704,"82,938664","45,409722","-23,76",137,127
3550803,"69,613477","46,820833","-21,710556",4000,204
3550902,"34,161301","47,550833","-21,479167",1530,248
3551009,"14,17453","46,391944","-23,963056",0,52
3551108,"23,8966","47,824722","-23,640556",3580,122
3551207,"13,23381","49,480278","-23,273056",860,292
3551306,"45,742967","49,921111","-20,655",1750,466
3551405,"46,727717","47,565556","-21,310833",900,266
3551504,"35,640147","47,595556","-21,211389",650,277
3551603,"41,138133","46,700556","-22,612222",800,104
3551702,"50,233427","47,990278","-21,137778",1000,301
3551801,"34,769458","47,925556","-24,387778",1200,161
3551900,"85,130407","48,802778","-20,809444",730,377
3552007,"46,901313","44,852778","-22,664444",6250,207
3552106,"40,125593","46,528889","-22,591389",4600,106
3552205,"61,489432","47,458056","-23,501667",857,84
3552304,"20,146711","50,923889","-20,690833",3098,544
3552403,"23,080285","47,266944","-22,821944",450,103
3552502,"96,197925","46,310833","-23,5425",192,33
3552551,"17,587951","51,024722","-20,501389",2440,565
3552601,"59,378722","49,031667","-20,964167",3200,378
3552700,"15,306856","48,6875","-21,716667",1300,293
3552809,"65,594007","46,791667","-23,626111",0,18
3552908,"29,55145","51,284722","-22,389722",5500,494
3553005,"28,846686","49,408889","-23,451944",2400,283
3553104,"21,9634","48,5125","-21,144444",750,329
3553203,"19,611706","48,451667","-21,123889",420,327
3553302,"47,895279","47,274444","-21,705",3300,214
3553401,0,"49,649167","-20,626389",19600,449
3553500,"69,268395","47,507222","-23,963611",658,100
3553609,"61,419042","46,748611","-21,468333",2900,231
3553658,"15,38861","48,410278","-21,071944",100,329
3553708,"50,862433","48,504722","-21,406111",500,305
3553807,"40,350663","49,244444","-23,533056",1700,266
3553856,"45,701047","48,693056","-23,924444",620,214
3553906,"43,616206","51,559167","-22,3025",1200,524
3553955,"56,510661","50,577222","-22,746667",120,413
3554003,"33,014869","47,856944","-23,355556",8161,127
3554102,0,"45,555278","-23,026389",18106,125
3554201,"16,60894","49,376389","-23,342778",2800,281
3554300,"37,904338","52,1675","-22,5325",4985,578
3554409,"23,66729","48,329722","-20,788889",397,352
3554508,"31,773085","47,714722","-23,101944",1000,121
3554607,"22,812045","49,606667","-23,205278",1890,306
3554656,"31,694811","48,194722","-23,244444",748,163
3554706,"62,923753","48,169167","-22,426111",2100,200
3554755,"7,8990722","48,335556","-22,041667",500,241
3554805,"7,5930926","45,549444","-22,958333",2578,129
3554904,"24,211639","50,890278","-20,235",2344,573
3554953,"21,65333","46,693611","-22,816389",5000,81
3555000,"48,918552","50,513611","-21,934722",2000,437
3555109,0,"51,570556","-21,381111",3500,562
3555208,"41,197823","50,1075","-20,933333",1800,460
3555307,"50,353681","50,476111","-20,051667",4305,555
3555356,"12,903772","49,7175","-21,165556",1100,413
3555406,"41,568533","45,071111","-23,433889",142,160
3555505,"25,733763","49,663056","-22,526667",1332,330
3555604,"54,479165","49,174722","-20,952778",1000,389
3555703,"55,026567","49,897222","-20,887222",1520,447
3555802,"22,637416","50,643056","-20,246111",6022,552
3555901,"46,772943","49,280833","-21,783889",107,335
3556008,"44,521541","49,29","-21,201667",1930,377
3556107,"22,611472","50,0875","-20,422222",3400,497
3556206,"9,8284297","46,995833","-22,970556",200,74
3556305,"26,368911","50,868333","-21,227778",940,506
3556354,"14,900781","46,413611","-22,888889",1500,76
3556404,"75,107984","46,893611","-21,832222",2330,192
3556453,"46,883342","47,026389","-23,603333",0,40
3556503,"41,512521","46,828333","-23,211389",8,42
3556602,"16,849312","49,819444","-22,219722",1000,358
3556701,"16,355394","46,975278","-23,029722",120,67
3556800,"20,752007","48,296944","-20,873056",520,342
3556909,"29,107444","48,629167","-21,170556",100,334
3556958,"37,883844","50,484444","-20,196667",1155,544
3557006,"62,925388","47,437778","-23,546667",1425,82
3557105,"32,446221","49,972778","-20,422778",8730,488
3557154,"55,26737","50,050833","-21,052222",2200,447
3557204,"32,619758","49,709444","-23,038889",380,319
3557303,"71,536723","46,944722","-22,271389",300,145
3599919,0,0,0,0,0